{"node_features": [[-1.931430930689665, -0.05781769879406328, -0.5190950452778549], [1.3426711224086652, 0.7081455554192919, -0.009306529017807891], [-0.8307614550970954, -1.3189932377439546, -0.45981918910166447], [-1.3916399011250384, -0.9310084632869879, 0.0820638262096303], [0.7213414365910604, 1.9643683903395865, 0.802094401142494], [-1.154499681773444, 1.1884631405689996, 0.5772541750987623], [0.6118627969116553, -0.5694212922658838, -1.204705430288874], [0.3405090261971245, -0.216157837058328, -1.5658940560451489], [0.0653217055670121, -1.254944973821294, -0.7957847482015259], [-2.067755490302639, 0.6867533839807516, 0.9297232017840011], [1.1310972723445658, -1.6163008619750994, -0.4336394552484145], [1.6562040161827756, 0.10835963293678144, -0.6666710277277754], [0.7946682829268279, 0.9373345320327887, -0.09381925234725501], [-1.6240982788856289, 0.6745095263619987, -0.12078515237456117], [-0.5181462612465457, -0.6696770772316715, -0.6159669455061675]], "adjacency": [[1, 1, 0, 0, 0, 0, 0, 1, 1, 0, 1, 0, 1, 0, 1], [1, 0, 1, 1, 0, 1, 0, 0, 1, 0, 1, 0, 1, 1, 1], [0, 1, 0, 0, 1, 0, 0, 1, 0, 0, 0, 1, 0, 1, 1], [0, 1, 0, 0, 1, 0, 0, 1, 0, 1, 0, 1, 1, 1, 0], [0, 0, 1, 1, 0, 1, 0, 1, 0, 1, 1, 0, 1, 1, 1], [0, 1, 0, 0, 1, 1, 0, 0, 1, 0, 0, 0, 0, 0, 0], [0, 0, 0, 0, 0, 0, 0, 1, 1, 0, 0, 1, 0, 1, 1], [1, 0, 1, 1, 1, 0, 1, 0, 1, 1, 1, 0, 0, 0, 0], [1, 1, 0, 0, 0, 1, 1, 1, 1, 0, 1, 1, 1, 0, 0], [0, 0, 0, 1, 1, 0, 0, 1, 0, 0, 0, 1, 0, 1, 1], [1, 1, 0, 0, 1, 0, 0, 1, 1, 0, 1, 1, 0, 1, 0], [0, 0, 1, 1, 0, 0, 1, 0, 1, 1, 1, 1, 1, 1, 1], [1, 1, 0, 1, 1, 0, 0, 0, 1, 0, 0, 1, 0, 1, 1], [0, 1, 1, 1, 1, 0, 1, 0, 0, 1, 1, 1, 1, 1, 1], [1, 1, 1, 0, 1, 0, 1, 0, 0, 1, 0, 1, 1, 1, 0]], "mask": [1.0, 1.0, 1.0, 1.0, 1.0, 1.0, 1.0, 1.0, 1.0, 1.0, 1.0, 1.0, 1.0, 1.0, 1.0], "op_types": [6, 9, 6, 1], "op_params": [[-0.26429750533177127, -1.2794154622843923, -0.028672824500259916, -0.5458898106768615, -0.00352409574991457, -1.4146604838144516, 2.130933841612298, -1.571565068569761, 0.7438316182353435, -0.2022557939870652], [0.06476362794456192, 1.1712912541309857, 0.367991972304346, -0.1296299364901771, 0.49959078094513004, 1.910649036883891, -0.517770362179771, -1.774452309673071, -1.080741888606857, -1.583719716092947], [0.40932421645494327, 1.2112191020332008, 0.8457879004325268, -0.32772140380677317, -0.6584378019608934, -0.056026787479926975, -0.2351160721077651, 0.02600450346268425, -0.9078159777410681, 0.31019357244577916], [0.7786714706016588, -2.344092442254895, 1.082928552939286, -0.32592684400551425, -1.1940946934013634, -1.7736027934181113, 1.944948415134701, 0.04018258769757492, 0.26226721806993225, -0.937233940214566]], "op_mask": [1.0, 1.0, 1.0, 1.0], "sketch_target": [[1.1405135353360107, 0.20811290643462155, 0.5100725485644119, 1.794412984430333, 2.0196543445757413, 0.44585628910183095, -1.365219280710189, -1.1724870640642786, 1.2468378949336416, 0.12917627742958193, -1.5823527206744123, -0.14017728768135948, 1.3761439246112523, -0.8192707568481016, 0.713845030502021, 0.9441376025147685, 0.8399205797703583, -0.13412951437184886, 0.7953360915729486, -0.6063451700401161, -0.03403495971983716, 0.3232382379392709, 0.95140166200944, 2.3429307723424397, -0.25827528009743567, -0.5012668596684781, 0.7628499789924182, 0.4187636895465742, -0.2879068792117485, 0.617253703405813, 0.5399299968418246, 0.7627171978446848, -1.3820696994864161, 0.9704152624189768, 0.6666739931893402, 2.348281063234517, -0.009396912110410814, 1.8706125415373835, -1.5695884727756968, -0.19921270320425882, -0.9528568803724212, 0.40030405925674, 0.45554978209666736, -0.6062700449065872, -0.2682403010695692, -0.275805547217819, 1.4430849362776614, 0.33463298838819483, -0.046375371280752246, -0.40785424241320184, 1.194072876318592, -1.0032927214039595, 0.9286053591472958, -0.45508957795737526, -1.1477903804129355, 1.4034186070294559, 0.5073726903969842, 1.381380789483449, 0.11878257818566443, 1.3986621771199366, 0.10377115806773009, 0.7895324066091911, -1.5915449293070796, 0.9804251070687455, 1.4357535647962858, 0.4908815893137586, 0.7742539346649476, -0.18967825276164316, -1.302162332992911, 1.6761194702671605, -1.3098757630615403, -0.47645424354380755, 0.637444611527695, -0.05426476431863483, 0.2539078542654323, -0.09318134861889982, 0.595899065785023, 0.7524840742533485, -0.1406787439107225, -0.04290256809824985, 0.5913969149378602, 0.4227761066638043, -1.3718434288118067, -1.0058793549172014, -0.3237021741184716, 1.5874426112451887, -0.6445031865931766, 0.34586305057716615, -0.9321604961254283, 0.6187152658631438, 0.5476293363939414, -1.524333770997387, -3.4375900358049143, 0.14821778695855123, -1.0822345060467833, 0.3877872079112699, -0.5741705126002835, 0.17802641824793836, -0.2921454384053123, -0.8307252439254376, 0.5677397347472385, 0.9684756721572609, -0.12402371514616578, 2.1815700477635853, 2.3612399650945273, 0.5533365597290089, -0.907903217974255, -0.5764209154425687, 1.5044884442308482, -1.9489151681160208, -1.4129460721400586, 0.70160078700953, 1.61964351561517, 1.0310228626879197, 0.7259881143499868, -1.1941147086396322, -0.2744378483595609, 2.7129513091360664, 0.6357550420109365, 0.38066439003184094, 1.5495108708192804, 0.5778853726886223, 0.37897670673548756, 0.3781068387260627, -0.045818124299714415, -1.5699364777398532, -0.2809993827564586, 1.3058820807407512], [-1.043256057815361, 1.5512429288149616, -1.3525237919879356, -1.1592959565388308, 0.02542649906673168, -0.654912814075976, 1.0871118910719233, 0.8669279630398308, 0.7935114476483853, 0.5469186391308842, -1.1004832367117212, 0.526951360703972, -1.715970953979763, -0.5952502023936747, 0.17542992273426408, -0.9213361527443754, -1.4675193588347764, 0.09105292994610766, 0.8763170440457444, 0.9719260984825259, 1.884405124709657, 0.6192423714742618, -0.5758490391300067, -0.9892810329711342, 0.1205628980760419, 0.5078333042986661, 0.19092081219072682, -0.3317626863813917, -0.3088730411519984, -0.6607036992774318, -0.2536258727330074, 0.6292076257357272, -1.5126691936790877, 0.3890132299314431, -0.01928400360340776, -0.9107871278011239, -0.1518157041836688, 0.2764373701913499, -0.49403316083305127, 1.465984543730245, -0.5356463165926227, 0.5395869416242506, 0.2907697925143363, -0.19123332313216648, -0.0575162140853841, -1.4872332167921154, 1.3109096849145403, 0.5572927108611433, -0.28305263167958583, -1.0644770050033983, -0.5411455426844585, 1.4969460433053412, 1.0712409073958722, 0.659918090925674, -1.3175007789618198, 2.070310439736169, 0.3279799316948955, 0.0371969914663707, -0.8340491503929046, -1.0909826795334854, 0.9990371271528905, -0.46946949271365523, -0.07722930401452012, 0.7620256180218331, -0.524325992836327, 1.203251123206193, -1.224166835934011, 0.12272742701224379, -0.8558617174835685, -2.817490774546845, 1.075383153971931, 1.460933800492514, -0.7106044691441985, 0.6393541710171998, 0.7512182574434094, -0.6393460263280882, -0.4787884002928253, -1.2033906569698842, -0.8396084521701651, -0.31519774123081495, 0.6860399810557375, 1.664454208428298, -1.8155108862226104, 0.31900791679756557, -1.6721739440805108, 1.1731807357564443, 0.9658797141809862, -0.7028559426385144, 1.2340484661532019, -1.0828424591105597, -0.4428847118771976, -0.5268463764563224, -0.3320005452263177, 1.0447767977207192, -1.0795035266316089, -0.4510017541079545, 0.1145565824362881, -0.8950857581515019, -0.431308429399489, -1.102922816484248, -1.0775324431099218, -0.15817814098663616, 1.776320931644058, -0.6415499733356587, -0.1253547711106938, 0.7123174090686692, 0.3318623074578107, -1.181347348560369, -0.7979265180096103, -1.5746691816158807, -0.39801625756704634, -0.45170287079146554, 0.5670693725615299, -0.7070625934986625, -1.133035620379564, 1.0547121544070082, -0.8993882242017134, -0.19935767143270997, 1.4512259639368688, -1.069170157476865, -0.22459558246088832, 0.26102856967109805, 0.42321022354209453, 0.3321528013102592, 0.22604447858875748, 0.3797959271892451, 0.7404775231420829, -0.6969106799122686], [0.3188699685571056, 