{"node_features": [[-0.2073965083721817, 0.33108081634622627, 1.478077850022443], [-0.4350826273940736, -0.09883441237316357, 1.2141642633026826], [-0.846406729327289, 0.9141724172029266, -1.246273156527296], [-0.21624421676120933, 0.28128121366642406, -1.207305687551845], [-1.0412125550792837, -0.6165437047049398, -0.6243657324241544], [2.756277182598013, 1.3623877425748878, -2.4070390528756094], [-0.853560755695622, -1.2403413251120088, 0.6970631974350858], [-0.7407699322457406, 1.1117161775856408, 0.334489790339758], [-0.7906516898761655, -1.493037466710791, 1.6267145989970615], [-0.3022199763731427, -1.6395101237593164, -0.14437859585960922], [-0.5495822120279964, 0.5201182070132067, 0.4521991247984919], [-0.7580633454810364, -0.3650526645552777, 0.34366622750993486], [1.9042649731221444, -0.5106580206020338, -1.310214673085937], [-1.5749414506751125, -1.2989207525930593, 0.7599139439794236], [-0.8628213776952863, -0.6260974815568616, -0.7816454836254197], [-0.11947666831498957, 0.4513159720334704, 0.432840296470367], [2.1402500625167775, -0.5797892946794937, 0.4826828954711749]], "adjacency": [[1, 0, 1, 0, 1, 0, 1, 0, 1, 0, 1, 1, 1, 1, 0, 0, 0], [0, 0, 1, 0, 0, 0, 1, 1, 1, 0, 0, 1, 0, 1, 1, 1, 1], [1, 1, 1, 1, 0, 1, 0, 1, 1, 1, 0, 1, 0, 1, 1, 0, 1], [0, 0, 1, 0, 0, 0, 1, 0, 0, 1, 0, 0, 1, 0, 1, 1, 1], [1, 0, 0, 0, 0, 1, 1, 0, 1, 1, 0, 1, 1, 1, 1, 1, 1], [0, 0, 1, 0, 1, 0, 0, 1, 1, 1, 1, 0, 0, 0, 1, 1, 0], [1, 1, 0, 1, 1, 0, 0, 0, 0, 1, 1, 0, 1, 1, 0, 1, 0], [0, 1, 1, 0, 0, 1, 0, 0, 1, 0, 0, 1, 1, 0, 1, 1, 0], [1, 1, 1, 0, 1, 1, 0, 1, 1, 0, 0, 1, 1, 0, 0, 0, 1], [0, 0, 1, 1, 1, 1, 1, 0, 0, 1, 0, 1, 1, 0, 0, 1, 1], [1, 0, 0, 0, 0, 1, 1, 0, 0, 0, 1, 0, 1, 1, 0, 1, 1], [1, 1, 1, 0, 1, 0, 0, 1, 1, 1, 0, 1, 0, 1, 0, 0, 0], [1, 0, 0, 1, 1, 0, 1, 1, 1, 1, 1, 0, 1, 0, 1, 1, 0], [1, 1, 1, 0, 1, 0, 1, 0, 0, 0, 1, 1, 0, 1, 1, 1, 1], [0, 1, 1, 1, 1, 1, 0, 1, 0, 0, 0, 0, 1, 1, 1, 1, 0], [0, 1, 0, 1, 1, 1, 1, 1, 0, 1, 1, 0, 1, 1, 1, 1, 1], [0, 1, 1, 1, 1, 0, 0, 0, 1, 1, 1, 0, 0, 1, 0, 1, 0]], "mask": [1.0, 1.0, 1.0, 1.0, 1.0, 1.0, 1.0, 1.0, 1.0, 1.0, 1.0, 1.0, 1.0, 1.0, 1.0, 1.0, 1.0], "op_types": [4, 6, 6, 8, 6], "op_params": [[1.7838403632360165, -1.2814013338051615, 2.027455233521275, -0.048161377264690816, 0.4671627949357758, -0.1851074162886846, -0.8878619012075888, -0.6579428364897322, -0.5801167414495731, 0.15789742096671303], [0.13681427606027272, -0.2574030604965251, 0.35055037973065173, -0.6352988409180255, 1.158061499854181, -0.8075344971183258, 0.18114183595940592, -1.2551800240524564, -1.8569252763467035, 1.1886971254821599], [-0.49961039686473013, 0.4854551725098278, 0.03647759159249648, -1.45154455867619, -0.18811486970817617, -2.3942965290066716, -1.6594774553485883, 0.7928186515654763, 0.917694897610029, 1.2180719322527873], [-1.385903048223661, -0.5103581873390263, -1.0089334104923462, 0.04523538817334198, 1.0289303285912836, -1.8025908969727404, -1.0059590270121206, -0.42897736938568615, 1.425154472460413, 0.6485845224975508], [1.084277692162991, -0.19161161772336852, -2.1060490519646793, 0.24097003677873605, -0.12247510744924711, -1.4758101916774364, 0.8555795419608163, 0.4966791074690006, 0.10302701170396987, -0.3349052154328983]], "op_mask": [1.0, 1.0, 1.0, 1.0, 1.0], "sketch_target": [[-0.2334730984977645, 1.2463037161876294, -0.9178999939971366, 0.04419893392967288, -0.33105304323133616, 0.008859824046473974, -1.108377624481965, 1.0465548750084022, -0.16873842081752802, -1.4565055295055436, 0.7300889192208626, 0.05256797612734272, 1.2548090036674706, -1.3253224214196082, 1.1733419974146935, -1.1957637005889141, -0.9643823017194384, 0.30104993142678427, -0.6222501684136726, -0.8147663872002903, 0.6463684334697637, 0.031497667194157815, -1.2490555854781205, 0.12079835886263512, 1.3287604311256616, 2.760737646150683, 0.21787709848354725, -0.18899509917722232, -1.2082800926795556, -0.757989358123845, 0.26305199776993554, -1.5173045140816297, 1.284196359727481, 0.19329879762372068, 1.0946300933539719, -1.642387222367201, -0.089512688302645, 0.2690298822081278, 2.4518674742910873, -0.007944369824691572, -0.2965997252349567, -0.09132809324902905, 1.0040073309017277, -0.47525575128556824, -0.3641739547980074, -0.25158189479545995, 0.26914058515880124, -1.390695537907421, 0.125228791365691, -1.5683719348589755, 0.8109089035148845, -0.17990313340795286, -1.1612400964900256, -1.1003863482524756, 1.44173802735134, -0.5587284047289519, 1.3371733007685669, -1.1713869414846108, 0.1808098078256456, 0.43349221533868043, 1.0063160504605808, -0.5627505649367475, 0.39004437893102833, 0.43796647746105755, 1.5406863720768789, -0.984894220880613, 0.3551550385114262, 0.14809840477329034, 0.7297019224450874, 0.33168747164505247, 0.3978115153640692, -0.8512858947674852, -0.9539494649663076, -0.4690496198912516, 2.037198485975906, -1.5896292311417786, -1.9594242051014206, 0.2358098259948617, 2.990070552235414, -0.23210132755740912, 1.2994023373355172, 0.48904788742369426, 2.860337878402455, -0.7895764680458942, 0.8901200105123535, -1.6255523229046647, 1.7899086234308395, 0.4325868055992116, 0.7474501063109025, -1.4577362213913565, -1.225031336811657, 0.37917105730635886, 0.2663058811968387, -1.2319502266028008, -0.3331064129266575, 0.30629297409385536, 1.077710145374513, 1.2026043809004299, 2.5478289931764775, 0.728110170014368, 0.06372285991177179, -1.3501802679903012, 0.39433748230154964, -1.5447992135843287, -0.005644932513135316, -0.30874258539253097, -0.14380027946158674, 0.3453914591556245, 0.10951318702055902, -0.4303729171859032, 1.0297045205881123, -1.908854920958571, -0.0514688646455213, -0.2753347623137245, -0.27738362444532333, -1.1390044989123855, 0.6231845922364387, 1.3184809707794707, 1.0972065518887626, 1.290301851290659, -0.5781722625409564, -0.4030116291232094, 0.9851580058647537, -0.13668702803308683, 0.1353037274421489, 0.6736045308291594, 1.073079078442565, 2.7820285605473294], [-0.33564328984585556, -0.6977584635307509, 0.9428449281135977, 1.4606300508057806, -1.1858499959575899, -0.3465528384783704, -0.7961339922099406, 0.31111037266126906, -0.7610380066092408, -1.4918925641156882, -0.7786997835522363, -1.2237780893591765, -0.2264113329972791, 0.44356932658915, -0.49911934768768496, -0.34856814978956346, 0.1629091795415306, -0.9611254688565833, 1.8080743256325038, -1.721498212557971, 1.6425797515402634, -0.004832940024530366, -0.11414321487487755, -1.2782587543141957, 1.5896495534956125, -1.4922128993521109, 0.7170422635273096, 1.9388549117788096, 0.16767234227901326, -0.4175784559551087, 0.6114636392517044, 0.8487682239806449, 0.4814461703207411, 2.47426014296432, -0.3848939112149997, -0.514705278558177, -0.2735325933188241, 0.07616237364375512, 0.4244837653923094, -0.5678946191736245, -0.5341320326410766, -0.5939775140264006, 0.16886229098524336, -0.19059318514857068, 0.7809005016768017, 1.7613117957407733, 0.450392073087553, 1.1038560079701463, 1.8516406254513158, -1.3277245835711933, 0.9536164733515635, -1.9347822157349326, -0.547782048284018, 2.5115556805115955, 1.4153909736527552, 0.27465069800994896, -0.15052824908940016, 0.18908671115676373, -0.36608147455125145, -0.9499646857319163, -0.24193017513940315, -0.3150458743091856, -1.1750580481315354, 1.1293155400747161, -0.5991530550599328, 1.0687164148908028, 0.4800696357644343, -1.111682380191615, -1.3354774167111074, 0.7679566588200324, 0.3919414846886303, 1.140853639035138, 0.8663720048888339, 0.8031788590579277, 1.4135314199436808, -0.3307048539896953, 0.16956200480338307, 1.650875307787087, 1.5056862542098608, 0.5166829656480079, 1.2218570314149917, -0.9403763022139238, -0.014346388631887893, -0.008946849388611445, 0.5487649800647362, 0.6158655711861536, 1.1355473550826582, -0.170571390569197, -0.3423294823698266, -0.22797446007974562, -0.2130684173456935, -0.41063165928825535, -0.0183145421855119, 0.705100510929146, 2.0989240171055528, 0.797158742291867, -1.6144041016744726, 0.6222877166339016, 1.0725429906918884, 1.9469348558275572, -0.7159765545101996, 1.5376698897504892, 