{"node_features": [[0.18146757613045844, -0.17065233368415098, -1.8186405660235503], [0.19157084116900192, -0.004983470416331116, -1.3558814970396202], [-0.7811280191012886, 0.09335474835123816, 0.4673957300983491], [-1.0183984865822353, -1.0088357475129686, 0.11565426055817887], [-0.8412178832909485, -0.20068614636865026, 1.7753183931807686], [-0.042659841334988395, 1.0227499487463438, -1.2455022675749647], [-0.7678485945823373, -0.7890599234630281, -1.103936605632928], [-1.7684137368060968, 0.19306698503406222, 0.3868872257768285], [-0.9456776194927633, -0.7451617942481233, 0.07796923742816367]], "adjacency": [[0.0, 0.0, 0.0, 0.0, 0.0, 0.0, 0.0, 0.0, 1.0], [0.0, 0.0, 0.0, 0.0, 0.0, 0.0, 1.0, 0.0, 0.0], [1.0, 0.0, 0.0, 1.0, 1.0, 0.0, 1.0, 0.0, 0.0], [0.0, 1.0, 1.0, 0.0, 0.0, 0.0, 0.0, 1.0, 1.0], [0.0, 0.0, 1.0, 1.0, 0.0, 1.0, 0.0, 0.0, 1.0], [0.0, 0.0, 0.0, 0.0, 0.0, 0.0, 1.0, 0.0, 0.0], [1.0, 0.0, 0.0, 0.0, 0.0, 1.0, 0.0, 0.0, 1.0], [0.0, 0.0, 1.0, 0.0, 0.0, 0.0, 0.0, 0.0, 1.0], [0.0, 0.0, 1.0, 0.0, 1.0, 0.0, 1.0, 0.0, 0.0]], "mask": [1.0, 1.0, 1.0, 1.0, 1.0, 1.0, 1.0, 1.0, 1.0], "op_types": [7, 5, 0, 3, 7], "op_params": [[0.02080800117673166, 1.033089724845947, 1.133707920701674, -0.6683129401130791, -0.06764824955131436, -1.0008237609911548, 1.502240233838281, 0.26630803649549495, 0.9937641442443731, -0.36326569672493747], [1.0207585435681208, 0.7443550419732604, 1.278902564021521, -1.343812658408537, 0.07479949543023832, 1.0975407044257737, -0.9356695047309563, 0.521879721659021, 0.5713326434783778, 0.7010475267910172], [0.33373774208615353, 0.6176033007254264, 0.4327470269642888, 1.1849127236701156, -0.7176995391915258, 0.34041297177637103, 1.2187928262028471, -0.7837228621570994, -0.6911108938284366, 0.5243670884399545], [1.3820930001770975, -0.1342571150066567, 0.09553527062293185, 0.3638509288465177, -0.4867729426760094, 2.1937369243809304, -0.9246283681292737, 0.09004525940442218, 0.10611737444511775, -2.1883701029349987], [-0.8423179584794002, -1.3521869135206535, 0.7202756645057525, -1.6932022350503437, 0.9418792415771491, -1.1797685373312456, 0.9615193881862141, -1.396455461700319, 0.4240358379621987, 0.9351398991450147]], "op_mask": [1.0, 1.0, 1.0, 1.0, 1.0], "sketch_target": [[0.5731107653453369, -1.2211187222593454, 1.1297711339676269, 0.5457860632874985, -2.357852543482588, 0.11069358914989251, 2.833711166151944, 1.1164816113754994, -0.49901107674556305, 0.5440329759486162, -0.39283973504141334, 1.014573031929632, -0.8142030818108431, 1.2085736802423148, 0.920401740432005, 0.6426194115766063, 2.070823267701674, 1.0058447008807818, 1.021584188563853, 1.1264017731524238, 0.7137507609661877, 0.46419636625856486, -0.6772682112275406, -0.6635340075305205, 0.43205049680361146, 0.6092033360370567, 0.017824526205125066, -0.48157935133752017, -0.13610775655184396, -0.05283443421403569, 0.27505973734894196, -0.22215167013173076, 1.1657086426030185, -0.11069434902248307, -0.6433179514173564, -0.08079708893200667, -1.1013877956978588, 2.01332280081027, 0.6555153761435549, -0.012624678415391614, 1.4164576392007928, -0.20504494851610067, -0.03346217336435487, -0.7041510558524422, -0.9405481087607624, 0.21082527778728147, 1.064018025285917, -0.878267486100598, -0.23927272597650545, -0.20356020927691798, 0.7715484452965218, -0.4314350980867792, 0.7531243834611837, 0.715419191794998, -0.661963725200632, -0.29303945898551986, 0.08048056628291371, -0.43699995997746105, -0.8948507903969305, 1.4824101854890905, -1.7826459030128854, 0.23281091942549417, 1.3645331593195258, -0.8057054920501321, 0.026350951863714375, 0.9027857373596307, -3.042467553637974, -0.0503917587405322, -1.5722887926849431, 0.9633410240510308, -0.792430699687571, 1.7844503994186123, -0.9549327589614433, 0.44965063100014063, -0.8763855544860902, -0.23729754583513177, -0.004262648565602458, 0.025796344954372403, 1.6548511593130182, 1.427338599336293, -0.7493801106342605, 0.042849328383127376, -1.1637125361669753, -1.391340384282803, -0.6669103209182285, 1.683331448292194, -1.6875930864184887, 0.5763045242079313, 0.46033489240420744, -0.7432104714689564, 0.6449857548455294, 0.6404291616742218, -0.037471174993943666, -0.15038985608533745, -0.24551538224908595, -0.8439293555622702, 0.16539117129502817, -0.5051125189469224, 0.16152459347909964, -0.6100581842958009, -0.6572779861769038, -0.5447386802352424, 1.2690147068682198, -1.3773888809663357, 1.7725835759326798, 0.7680815405998129, -1.5630301118794532, -0.5782978825034645, -1.6226002401956383, 0.6468549868217671, 1.2766451365177924, 0.22919256506057262, 1.2190531821958719, 0.18367308670637783, 0.9709790290578757, 0.29197612884749213, 0.014043455811140906, 0.773664950839057, -0.15632102922518937, 1.456941833245503, -0.3154583481250224, 0.5671612001932486, -0.7066662737958045, -1.573199011672436, 0.35795386045548033, -1.8039858124590937, 2.1491645737716274, -0.3541621077485783], [-0.07776856875669642, -0.31003423815731684, 0.1407735724272325, 0.3401854664247473, -0.8398782451826826, -2.5541133030763277, -1.1007773096002762, -0.4852501733859363, 0.28022271725794484, 0.1835560429644453, 0.7532253804366952, -1.6429203208385659, -0.8927571674036223, -0.44095476924347055, 1.5241138756439931, 2.720512727475527, -1.3484491436687112, 1.0916232437964881, 0.08689249541529379, 0.5561827879449776, -1.3243959728198047, 1.355052268952324, -2.221095375876819, -1.3147010906771526, -0.2697841667850785, -0.5932381086984765, 0.02582689213317239, -0.6847032981691271, -0.3566403460195933, -0.1844027966380868, -0.22334226012760458, 0.14858234483354402, 0.896084163134189, -0.7535712883068809, 1.3476956450013484, 0.049178863420118527, 1.2610424642671183, -0.3425077996070887, -0.8662391553334868, 0.08023103652325862, 2.5639019691033296, -1.3651593646891256, 0.6773244628556002, 0.17745308374529845, 0.4040028418057051, -1.2057549016429085, 0.45713399637915214, 0.2954392775618186, -1.4835617550359617, 0.13124705966054212, -0.24296463948774108, -0.35384605592181895, -0.04563242953276263, 1.087673202944817, 0.45814348682490913, -1.0433938175339883, 0.4971076744967649, -0.04430917673972046, -0.6162459508866596, -1.2396880004536095, 0.8069941889170454, -0.5704901871778215, 0.9080725408030792, -1.0765307802923787, 1.9947722161253683, 2.6337298269289517, 0.5422882312979715, 1.2964283232711509, -0.45339915150502447, -0.5522972296537176, 1.1940630078999441, 0.15140296924546773, -1.372029174633231, 0.0772873865394077, -1.221872523941186, -0.18515641313881548, 1.0488256027510985, 1.4594140382531269, 0.27627528232084536, 1.3380321910462238, -0.4599412090423493, 1.700692809745642, -0.7229478500529275, -0.8091993356952668, -0.46089352457890836, -0.7474426691355701, 0.5174200051971249, 1.2522594830439968, 0.015508358052324707, 0.3112999589409501, -1.3824353240576783, 0.09626281456367937, 1.7707388885990774, 1.4126923300075624, -1.0947759652785054, -0.4381444032628878, 3.4065340844342193, 0.4181004310788184, 1.5153069550182012, 1.5937736921931849, -1.1157366805744107, 0.7238786200440751, 0.18728756813090708, 1.7416686630846845, 1.9621539877401522, -0.8317725950137419, 3.4415195958390465, 0.169030851467291, 0.6322961387242713, -2.6522463663032263, 1.0083092123831872, -2.154147212374176, -0.143926905056081, -0.5528881057796559, 0.46612397601544425, 0.17932594781141353, 0.5869398600198364, 1.2459324969011496, -1.0039664878854229, -0.2044058424486472, -0.8454357658965468, -0.9207072167225205, 1.9326896702074725, -1.2689230874555066, -0.8220930673118817, 2.194261545352664, -0.12683587005212502, -0.0644484661799828], [0.40052222316844505, -1.2049353028146534, -0.9220696027435595, -0.6166178353034864, 1.0422216935737008, 0.6715665617752045, -0.6302463765168019, -0.1335101102351552, 0.7794385927167207, -2.384855482644254, 0.30224826454782067, 0.7579528185276485, -0.9184337201853249, 0.6501256374177689, 0.015000858381036142, 1.8106971973144455, -0.5230627508070312, 0.5908931635003872, -1.4699729309025147, 0.07520001066088991, 0.8152965328630832, -0.5254046670391063, 1.1195945328591173, 