{"node_features": [[0.2733310912691062, 0.9854124832895234, -1.150252774606978], [-1.2169697668535886, -0.9512865211633608, 0.09450022734408403], [0.5486833814813973, -0.4660580248466132, 1.354756029596628], [0.42261588183556076, 0.36751196848687734, 0.9354074142991418], [0.9771123794903266, 0.5236353515274378, -1.3402427237137058], [2.4417270183736246, -0.7642265700273267, 1.5389517272952655], [-2.183905815421275, -0.46119630721763294, -0.1927941906301645], [1.0787322629800737, 0.6115138606321047, 0.6646453908640116]], "adjacency": [[0.0, 1.0, 0.0, 1.0, 0.0, 0.0, 0.0, 0.0], [0.0, 0.0, 1.0, 0.0, 0.0, 0.0, 0.0, 0.0], [1.0, 1.0, 0.0, 1.0, 1.0, 0.0, 0.0, 1.0], [0.0, 1.0, 0.0, 0.0, 1.0, 1.0, 1.0, 0.0], [0.0, 1.0, 0.0, 0.0, 0.0, 0.0, 1.0, 0.0], [0.0, 0.0, 1.0, 1.0, 1.0, 0.0, 1.0, 1.0], [0.0, 0.0, 0.0, 0.0, 1.0, 0.0, 0.0, 0.0], [0.0, 1.0, 1.0, 1.0, 0.0, 1.0, 0.0, 0.0]], "mask": [1.0, 1.0, 1.0, 1.0, 1.0, 1.0, 1.0, 1.0], "op_types": [7, 7, 6, 8, 9, 6], "op_params": [[1.990968473064958, 1.8716246939956493, 0.9954822217159681, -0.48198060614687954, -0.06613921452663724, -1.0915846750269198, 0.8145174632701163, -0.7775900323146324, -0.34163889754425386, -0.2875445343754494], [0.26601484380634344, -0.21173579454878183, -0.35206162349589887, -0.06898369039958943, 0.7505424022141263, 1.155441194177681, 0.11836516104912197, -0.006920243448327004, -0.04527519054310545, -2.1006472647904006], [0.36745775355437654, -2.0578340221994864, 0.3465989325411514, 1.7213776997481625, -0.8947614194826768, -1.16989548047652, 0.12871620182586005, -1.3293523399711074, -0.9499956493392661, 1.5226960459203882], [-0.016944603743128242, -1.5775831281790775, 1.132725489862863, -0.6504606479709266, 1.3506840735162846, -0.8559438912811097, 1.0245188178640647, 2.02921022071147, 0.32239360569651815, 0.8673660132392959], [-0.04278324549855145, 0.6973791173404634, 1.4585938023745453, -1.4558857264012417, -1.2961749849780124, -2.4752688162145127, 1.311069597082998, -0.9068230504204962, 0.8487224005629358, 2.116368001195262], [2.0319312244596714, -0.6996898635651391, 0.2394749055632488, 0.37329817637162854, 0.8661395174576243, -1.2327899255418684, 1.924289870106249, 0.4300802926039718, 2.794638464276872, -0.19922951758531468]], "op_mask": [1.0, 1.0, 1.0, 1.0, 1.0, 1.0], "sketch_target": [[0.6234137848962166, 0.37851988315994545, -0.5661497871296703, -0.9044362354610797, 0.07331927365916989, -1.7706377076778343, -0.311055305957369, 1.1655593235468786, -0.7178799177876718, -1.0237282561672336, -0.6958509481370606, -0.47509955183572705, -0.667649229196879, -2.514905035540122, 1.206237399221043, 1.7190325940251472, -1.2305561748625076, -0.4654763945292411, 0.6147203044993688, 1.4181682452748714, -1.2742639225924453, -0.5662476179034973, 1.0844465974471673, 1.194717481458615, -1.9125310483284788, -0.6295279431699654, 0.19579922186999146, 0.38961819421737043, -0.5789378837863294, -0.8724033313998525, -0.2726869959871641, 0.41835824128787547, -1.7319174468162715, -1.603965408284125, 0.32047728410462606, 0.15214765103837777, -0.21757742885230394, 0.5411337839610633, 0.546451438357273, -0.17990488058980342, -0.19628324130097657, -0.6593388195290434, -0.3167265144711452, 0.0947460232300963, 0.27658070323814654, -2.12205627532639, -0.2730783611332526, 0.41484919495398603, -0.26092507916317115, 1.512010363327836, -0.26697006617302443, -0.0026784246401076856, 0.6683823586939084, -0.3308896236941127, 2.3350289236039297, -0.2971664700607998, -1.5841029041601016, -1.3493245291516436, -0.24668319293454746, 0.29090952376995616, -0.7504424981028881, 1.2544444131297738, 0.8168636583298621, 0.2812918165047847, 0.7140389879705366, 1.1573047262091858, -0.5251447933697841, 0.047393251658316926, -1.1853375217372637, 2.253814726281917, -0.5102512397429477, -2.002033417955605, -0.4239092647570329, -0.45472140657519494, 0.7143005620901784, 0.6555641618610801, 0.8390849579898092, -0.11791517335222793, 0.43649504248941473, -2.2224927108824417, -0.312637777688122, 1.628029394864006, 1.6471309172512898, -0.770406411024151, -0.07645538210810784, -0.25136562700271614, -1.4593788162568133, 0.14559681138866987, -0.4807635595283159, -1.155568878477175, -1.6058858594120173, 0.9126192145156633, -1.6644042172411804, 0.5331359490854746, 0.8826134099594567, -0.5433644541991268, 0.5121091839162845, -1.6068420353734316, 0.7135657400781014, 0.6675604184658634, 0.1333612250020474, 0.4376152920479854, 0.06100803046417455, -1.2271032380146287, 0.32040088050920046, 0.2871613756076141, 0.49852380816599057, -0.05594885212540514, -0.17653766320548292, 0.6418302105689103, -3.258220062383071, 0.7947820955641712, -0.4627464620050922, 0.01833311839958207, -1.0054374910524262, 1.032384781616185, 0.8987651261075218, 0.15256450354480738, -1.0607656580652176, -1.049959385190384, -0.1627308744381016, -1.4199791985926054, 0.8295208270413323, 0.11115103742708027, -0.3711168559727536, -0.6261066198745074, 0.2731559858780622, -0.14783221401438004], [0.19451599009990603, -1.2058038954127572, -1.0982466058843094, 1.9157039078839735, 0.9962111252696518, -0.44069116134731423, -0.8805411984675127, -0.8295706050625352, -0.5950908249501148, -0.5299565144728048, 0.4495886662019142, 1.9946181288637628, 2.125613208180576, 2.026620339432506, -0.8842984162904857, 0.9380980623716659, 0.32670283115062176, -0.05886208011928607, 0.19623108999096733, 0.6952196520648249, 0.4474709519865537, 0.2888038308437513, 0.41549278405939816, 0.058218096102963975, -0.7549321131089891, -0.5345040554282774, -2.562667263358872, 0.9132134620195587, -0.9209323616594551, -0.05316997727820953, 0.05683196138126531, 0.4603258079540911, 0.44763833615545257, 0.8573996082577873, -0.3315939205906901, -1.2409055345831481, -0.0028965635832888135, -0.5793365643152685, 0.6209444175679166, 0.3691496643313511, -1.0874102178841882, 0.43017245350115685, -0.9871893303763982, -0.4064822812962954, -0.14696169717101365, -1.8805884031257754, 1.2432139176749333, -0.6869984430526955, -0.9841923189523037, -0.1943699785613741, -0.9344640181356019, 2.5264564282432276, 0.5821658068241533, -1.4428506927422418, 0.8677088134442819, -1.3550462490442017, 0.25336412138348735, 1.287816047856422, -0.2901197855641533, -1.1371173210295187, -0.15315451433128927, -1.1183448188368268, -2.2842948726022483, 0.9604413462178475, 0.4737211716144204, -1.0226053714740313, 0.6928758283633843, -0.017386008607865596, -0.7228974509755516, 0.40377886417687175, -0.36918498811773814, -1.7584781090804327, 1.9767940293840618, 1.7329990418262977, 1.0460474936382531, -0.13000562324710194, 1.3517364438610073, -0.5370856637676824, -1.3180767013958257, -0.9261144156803526, 1.3120168280812012, -1.143256031023204, -1.2130600098025364, -0.46886243401069694, -1.1487264337361953, 0.2313006746032055, 1.4778581845588152, 2.0329427305738332, 0.18328136248115381, 0.18224032844153684, -0.07795318494950182, -0.04887174167289168, -0.5595952628117143, -1.1995181050190231, 1.9804253460388932, -0.8919939036518161, 1.4467094639058558, 0.5978141308070943, 0.3100317927696989, 1.5370494948681648, -0.09856334252106144, 0.20248023690075523, -1.2001840687667227, -1.442946827614608, -1.3896605887646856, 1.202338928454332, -0.9370367796759166, -0.5681388318361967, 1.3108183137237266, -0.9527246520122156, 1.1362483075588556, -0.9213349987723549, 1.6560826312601926, -0.6240102631837731, -1.2665367313957983, -1.4922229359197017, 0.20467337139876624, 2.758453198532983, 0.14240097866385332, 0.7742504574367712, -1.1600938480762084, 1.3635088491673442, 0.7640198540909585, -1.0761263040700177, -0.15679741189909513, 0.19545499733282817, -1.8654361199523364, -0.034822807695053616], [-0.8469735058495291, 0.2834037365352352, 0.026408493347376834, 1.2998343751898016, -0.7485726477709489, -0.036295675666831784, 0.4106305723333849, 0.4735783331881065, -0.5194380687624396, 0.6426167527868177, 1.2665174231249032, 0.2129423773946754, 0.7169614555201163, -0.4032109063297994, -0.9863660313754586, 1.9508209533443384, 1.284551058656761, -0.46170632421995145, -0.008615959858532815, 