{"node_features": [[-0.5044243175940061, -0.6603780864385747, 0.8240206828275167], [0.6595299789258984, 0.17886487418265534, -0.045768115480427564], [0.5541448522052231, 1.0147187004253648, -1.2897058425434949], [0.29209536043633677, 0.3780696825882852, 0.19583906007489618], [0.37724009518520474, 1.0486265947289273, -0.016901543760703457], [-0.2933487226557961, 1.560239111860632, -1.071471040842106], [0.4937429741694713, 0.6211587266533283, -0.19610620519291247], [-1.0337460379226235, -0.6176256479003598, -0.6292540663722873], [1.0431760083883896, -0.4976907432061383, -0.6581541515763873], [0.03593624497057629, -0.8231006959527407, -1.2840191078065437], [1.0388760879733572, 2.7821772356882675, 0.05941987837910574], [0.03091782724233184, -0.33374735281947066, -0.11934595981722261], [0.7520040880193699, -0.15752707515179115, 0.9093820348433821], [-0.4433113588390484, 2.268999721865388, -0.9697571422152289], [-0.2185538740955103, 0.7106485746934796, 1.4933517776019942], [1.204505315532441, 0.39271590634591497, -0.52204971413756], [0.8272604807863975, 1.6359541956009365, 0.5817302919352669], [0.9222202136996464, 0.9167494038953838, 0.40721063324331735], [1.8340634457727814, -1.5202633987312135, 0.908393234686503], [-1.9068895980428873, 0.7550114619673514, 0.3873476902897377], [0.5131761198065793, -0.3785796063887342, 0.09475822385332702]], "adjacency": [[0, 0, 0, 0, 1, 1, 1, 0, 0, 1, 0, 1, 1, 1, 1, 1, 0, 1, 1, 1, 0], [0, 1, 1, 0, 0, 1, 1, 0, 1, 0, 1, 0, 0, 1, 1, 0, 1, 0, 1, 0, 0], [0, 1, 0, 0, 1, 1, 1, 1, 0, 1, 1, 0, 0, 1, 0, 1, 1, 0, 1, 0, 1], [0, 0, 0, 0, 1, 0, 0, 1, 0, 1, 0, 0, 1, 0, 1, 1, 1, 0, 0, 0, 1], [1, 0, 1, 1, 0, 0, 1, 0, 0, 0, 1, 1, 1, 1, 1, 1, 0, 1, 0, 0, 0], [1, 1, 1, 0, 0, 0, 0, 1, 0, 1, 0, 0, 1, 1, 1, 0, 0, 1, 0, 1, 0], [1, 1, 1, 0, 1, 0, 0, 1, 1, 1, 0, 1, 0, 0, 1, 1, 0, 1, 1, 1, 0], [0, 0, 1, 1, 0, 1, 1, 0, 0, 0, 1, 1, 1, 1, 0, 0, 0, 0, 0, 1, 0], [0, 1, 0, 0, 0, 0, 1, 0, 0, 1, 1, 1, 1, 1, 0, 0, 1, 1, 1, 1, 1], [1, 0, 1, 1, 0, 1, 1, 0, 1, 1, 0, 0, 1, 1, 1, 0, 0, 0, 1, 1, 0], [0, 1, 1, 0, 1, 0, 0, 1, 1, 0, 1, 1, 1, 0, 1, 1, 1, 1, 1, 0, 1], [1, 0, 0, 0, 1, 0, 1, 1, 1, 0, 1, 0, 1, 1, 0, 0, 1, 1, 1, 0, 0], [1, 0, 0, 1, 1, 1, 0, 1, 1, 1, 1, 1, 0, 1, 1, 0, 1, 0, 1, 0, 0], [1, 1, 1, 0, 1, 1, 0, 1, 1, 1, 0, 1, 1, 0, 1, 0, 0, 1, 0, 1, 0], [1, 1, 0, 1, 1, 1, 1, 0, 0, 1, 1, 0, 1, 1, 0, 1, 1, 1, 1, 1, 0], [1, 0, 1, 1, 1, 0, 1, 0, 0, 0, 1, 0, 0, 0, 1, 1, 1, 1, 0, 1, 0], [0, 1, 1, 1, 0, 0, 0, 0, 1, 0, 1, 1, 1, 0, 1, 1, 0, 0, 0, 0, 1], [1, 0, 0, 0, 1, 1, 1, 0, 1, 0, 1, 1, 0, 1, 1, 1, 0, 1, 1, 0, 1], [1, 1, 1, 0, 0, 0, 1, 0, 1, 1, 1, 1, 1, 0, 1, 0, 0, 1, 0, 0, 1], [1, 0, 0, 0, 0, 1, 1, 1, 1, 1, 0, 0, 0, 1, 1, 1, 0, 0, 0, 1, 0], [0, 0, 1, 1, 0, 0, 0, 0, 1, 0, 1, 0, 0, 0, 0, 0, 1, 1, 1, 0, 0]], "mask": [1.0, 1.0, 1.0, 1.0, 1.0, 1.0, 1.0, 1.0, 1.0, 1.0, 1.0, 1.0, 1.0, 1.0, 1.0, 1.0, 1.0, 1.0, 1.0, 1.0, 1.0], "op_types": [5, 7], "op_params": [[2.7699927661163053, -1.6014644325901102, 2.8812225815264334, 0.5143765710652414, -2.727406666437811, -1.1450125691632116, 0.6441728947386312, -0.6134810833247778, 1.6327054778919543, 1.3101028070488374], [-1.2452961354236156, -0.9028054606943547, -0.4155371298443154, -0.3400869728529126, -0.5579290929136311, -1.145903559773632, -0.5230066006401243, 1.1088435717698994, -0.32297781294055466, 0.6948901461590465]], "op_mask": [1.0, 1.0], "sketch_target": [[-0.2851557832630555, 2.02417556986841, -0.595218289591239, -0.4367858084470223, 0.09990044729027356, 1.5799219203243144, -1.2443498479284534, 0.12807798751973706, 0.7032052554411066, 0.7249754008004501, 1.5086006728593664, 0.5176122381333709, 0.18189894389728178, -1.0641325805854156, 1.6704935509214516, 1.0478887496086164, -1.0163752775169572, 0.6946725356718964, -1.4361294961574202, 1.4942017911243792, 1.686764156493952, 1.2920213803940097, -0.42662849281426934, 0.5846168953768346, -1.001546102139721, -0.6594316916619087, -0.9516181211497573, -1.355606630441653, 1.6786346618250545, -0.44590550136557405, -0.3435727918420816, 0.016982342801196596, -0.4067658608832506, -0.5094455662964597, -1.2280308979350882, 0.20991658863653212, 0.06867350940916368, -0.8672617228825613, -0.6772999939081721, -0.9919630473191292, -0.47476744498949447, 0.9340456016429904, -2.3196855429172927, -0.010237486659904274, 1.2793141018106788, -0.1590819431159601, 0.12404740254731468, -0.733087261441704, 0.05291939866282439, 2.0884163932255078, -0.5718586875098631, 0.8268114996934073, 0.5724237671031748, 1.2072032941092827, 0.25524075173291144, -1.948891176958059, -1.267932476560609, -1.206223855122041, 1.5408007424156431, -0.6367912504301784, 0.4101124457847766, -0.6126523810004816, 0.2344911339909333, -1.1665372556482454, -0.5696098673987511, -0.24943050711046094, -0.36239518454038966, -1.1051809409766475, 0.3575418363931387, -0.5445925127039841, 0.8836428078351762, -1.2328145444132759, -0.6733196605602679, -1.5755427633740169, -0.5541149849439926, 0.7055441842177405, 0.4742165219215372, -0.619650465467932, 0.615479517424682, 1.744664892824527, 0.1705842829412779, -2.0521293702238763, 0.7868692047822636, 0.1827191742664122, -0.12843865870381657, -2.107299408298907, 0.12734575395387146, -0.17598164497061672, -0.4073957352826796, 0.35117336210418076, 0.019459120317600914, 0.8324766008490714, -0.2822707072563537, 0.11230558846499779, -0.07265692254017561, -0.08145674959836703, -0.33920864235177656, 0.6513470460781309, -1.1014036764537563, 0.9939511925278276, -0.798526629801001, 1.181153644530657, 0.9703509605261452, 0.25233228132824387, 1.4017790579993215, -0.009150540440150415, -0.5142331156810679, -0.6989280783058491, -0.5238434205955906, 0.22486617001605927, -0.5702653358906061, 1.535878558383204, 1.0682069831641003, -0.43057911854213504, 1.6057776319759463, 1.0640673330518893, -1.9173518327398065, 0.7419002720742645, 0.9961659561591734, 1.4961285593723535, -0.426761004091528, 0.485870696044911, -0.8184545636956339, -0.8017530365035884, 1.8005335826322615, -0.2987941376423424, 0.6355748769505534, 1.0019013144219295], [-1.3365357475172968, 0.022552708240768736, -0.8663385806273789, 3.0837924446343647, -1.2673753644061736, 0.10578084236203421, -0.5044869813202072, 0.30084394850345214, -0.7904293228830465, 1.7272999534464502, -0.010240156746899017, 0.22236980734281725, -0.4708767765084042, 1.3823977003513708, -0.3657467737010757, 0.8906260123653147, 0.1892520858309076, -0.5184632803770604, 0.6005322066687898, 0.7860105374943822, -1.1835791514286451, -0.2554398525390902, -0.7084044456827534, -0.01774331696320982, 1.0329071543947648, 1.3961038148757354, 0.6893426099372372, 2.840528755009824, -0.19485745071889118, 1.1354527031977055, -1.6320827488991185, 1.4813851715417157, 0.35895856299451295, 0.927483194137379, 0.29056615872904884, -0.43513175398146925, -0.02735761939179655, 0.8487792389281156, 1.1769715528459155, 0.17845666262057286, 0.22975694961235923, -0.4650512674990235, -0.5199588543826041, 0.1743434336557571, -0.1566480781889149, 1.4455018025722624, 1.9934481016881676, -0.005964224996203532, -0.47479070277191693, -0.2549173153332217, 0.3324501990894394, 0.061210592806100625, -0.41699423054326346, -0.23522157761643628, -0.17580569235497093, 0.5723336356200062, -0.7300041521881827, -0.9538777801510046, -0.12111713002752644, -1.2270017274427594, -0.5274377525678002, 0.4168461686226199, 0.8377518499563154, -0.38677588512783506, 0.2863745419370186, 0.8997325158318595, 0.5395156943874515, 1.8840225420892192, -0.01238838060783023, 0.05651309805593597, -0.08671007044260892, -0.609583337032543, -0.6729424591543545, -0.1336055653709908, -0.09306858234765027, 0.3813496825619349, 1.2150119777467387, 0.27977561878004426, -0.16029868344796336, 0.7559793251609594, 0.047597701393154106, -1.442876739663228, 0.6894805853874605, -1.620558311339821, -0.6330890929330234, -0.49050988065027734, 0.3278029802961046, 0.15294585178156966, -0.02862223775661196, -1.1608902891939696, 1.8286005227194968, -0.009919568563468859, -2.4698007697899675, -1.6044728299362614, 0.2263125326181565, -0.029468556364832563, 