{
  "op_types": [
    0
  ],
  "op_params": [
    [
      0.19309958815574646,
      -0.0021166130900382996,
      -0.9647158980369568,
      -0.3950503170490265,
      0.40691137313842773,
      -0.5961512923240662,
      0.5861943364143372,
      -0.23531538248062134,
      -0.8192081451416016,
      0.3530192971229553
    ]
  ],
  "sketch_target": [
    [
      1.4563102722167969,
      -0.43435797095298767,
      -0.7155684232711792,
      -0.27468833327293396,
      -0.7721767425537109,
      -0.666085422039032,
      -0.8700663447380066,
      -0.23508170247077942,
      -0.9226710796356201,
      -0.21424423158168793,
      -0.21350163221359253,
      0.1899394392967224,
      -0.5652309060096741,
      -0.3557121455669403,
      -0.31418174505233765,
      0.02261415496468544,
      -0.38144585490226746,
      0.18103906512260437,
      0.7523682117462158,
      -0.22395901381969452,
      -1.5906401872634888,
      -0.9172241687774658,
      -0.8203157186508179,
      0.00597635842859745,
      0.3003949820995331,
      0.08320501446723938,
      0.7809533476829529,
      0.6630875468254089,
      0.27716416120529175,
      -0.5122150182723999,
      -0.30544593930244446,
      0.21261458098888397,
      -1.7128565311431885,
      -0.23202316462993622,
      -0.2559341788291931,
      -0.48835843801498413,
      -0.3415960371494293,
      0.2642238140106201,
      -0.35327839851379395,
      0.6355648040771484,
      0.5693879127502441,
      -0.3947715163230896,
      -0.3040475845336914,
      -0.8363127112388611,
      -0.7326090335845947,
      0.202471062541008,
      0.279358446598053,
      0.3761835992336273,
      0.2022649049758911,
      1.0258461236953735,
      -0.03999210149049759,
      -0.43741947412490845,
      -0.09125101566314697,
      0.18823100626468658,
      -0.41805240511894226,
      0.9232277274131775,
      0.732598602771759,
      0.10167121887207031,
      0.03757288306951523,
      -0.21020612120628357,
      -0.2358987033367157,
      -0.21117538213729858,
      -0.3455663323402405,
      0.07036206871271133,
      -0.05309566855430603,
      -0.6570724248886108,
      0.2046358585357666,
      1.1062593460083008,
      0.52237468957901,
      0.16775599122047424,
      -0.316016286611557,
      0.8054143190383911,
      -0.2426455169916153,
      -0.49769240617752075,
      0.3083823323249817,
      -0.040246326476335526,
      -0.036780402064323425,
      0.9085511565208435,
      0.3423866927623749,
      -0.36377009749412537,
      0.10237915068864822,
      0.7996047735214233,
      -0.04034429416060448,
      0.05128719285130501,
      0.036104414612054825,
      -0.3144180178642273,
      0.39969968795776367,
      0.8517030477523804,
      -0.512723982334137,
      -0.28839707374572754,
      1.1311602592468262,
      0.03997242823243141,
      -0.16526952385902405,
      -0.5954532027244568,
      0.282185435295105,
      0.1556078940629959,
      -0.2676082253456116,
      0.6131426692008972,
      -0.45310452580451965,
      -0.7770698666572571,
      0.4688715636730194,
      0.13121815025806427,
      0.23165377974510193,
      -0.31892070174217224,
      -0.2830777168273926,
      -0.24666744470596313,
      -0.5816711783409119,
      1.1807955503463745,
      -0.8169781565666199,
      0.25151097774505615,
      -0.3354897201061249,
      0.04039779305458069,
      0.023440483957529068,
      -0.5270816087722778,
      1.3979212045669556,
      0.2959131598472595,
      0.7756373286247253,
      -0.22998175024986267,
      0.510489284992218,
      -0.5043836236000061,
      0.3847472071647644,
      -1.0449402332305908,
      -1.3313572406768799,
      -0.38283610343933105,
      0.7730110883712769,
      -0.47876301407814026,
      0.20525452494621277,
      0.4712342917919159
    ]
  ]
}