{
  "op_types": [
    0
  ],
  "op_params": [
    [
      -0.19331075251102448,
      0.3532141149044037,
      -0.479438841342926,
      0.06443116068840027,
      0.07050970196723938,
      -0.19594882428646088,
      0.615034818649292,
      0.21096225082874298,
      0.3528203070163727,
      0.269728422164917
    ]
  ],
  "sketch_target": [
    [
      0.05894232913851738,
      0.7549946308135986,
      -0.16674399375915527,
      0.4354345500469208,
      0.8990532159805298,
      0.7206732630729675,
      0.3159809708595276,
      0.6668121218681335,
      -0.07613466680049896,
      -0.4052119851112366,
      -0.9371242523193359,
      0.12799492478370667,
      -0.014230296015739441,
      0.2174881398677826,
      -0.118059441447258,
      -0.03052135556936264,
      -0.32362237572669983,
      0.3974543511867523,
      0.47599437832832336,
      1.0317010879516602,
      -0.14969763159751892,
      -0.17510685324668884,
      -0.016837097704410553,
      0.4780314862728119,
      0.1740114837884903,
      0.15508106350898743,
      0.14756140112876892,
      -0.2628350555896759,
      -0.9579878449440002,
      0.4683786928653717,
      -0.2879757881164551,
      0.10877871513366699,
      0.13599902391433716,
      0.570766806602478,
      -0.31014546751976013,
      0.4581385850906372,
      0.44229215383529663,
      0.9272382855415344,
      -0.2691492736339569,
      0.24738344550132751,
      -0.0552840530872345,
      -0.07676135748624802,
      0.25685086846351624,
      -0.1522471159696579,
      0.6569627523422241,
      -0.0012410767376422882,
      0.4276079833507538,
      0.39445018768310547,
      0.15166327357292175,
      -0.06900184601545334,
      -0.255938321352005,
      0.23946261405944824,
      -0.5544314384460449,
      -0.06782202422618866,
      -0.15831871330738068,
      -0.2640320956707001,
      -0.2536572813987732,
      -0.06724677234888077,
      -0.12805971503257751,
      0.865645170211792,
      0.2223554253578186,
      -0.23465603590011597,
      0.5694429874420166,
      -1.0704915523529053,
      0.5180758833885193,
      -0.4174955487251282,
      -0.18762654066085815,
      -0.5782575011253357,
      0.1332562416791916,
      -0.7641339302062988,
      -0.34439048171043396,
      0.26986172795295715,
      -0.30959653854370117,
      0.018420424312353134,
      -0.917052149772644,
      -0.09717898070812225,
      1.0454941987991333,
      0.3172891139984131,
      -0.8431862592697144,
      -1.2778950929641724,
      0.14286451041698456,
      -0.22713498771190643,
      -0.30402153730392456,
      -0.03935517743229866,
      0.11499205231666565,
      -0.07556668668985367,
      0.6090255975723267,
      -0.43255850672721863,
      0.2147415727376938,
      0.7790029644966125,
      -0.037504807114601135,
      -0.6735371947288513,
      0.6356508135795593,
      -1.365237832069397,
      0.4237944185733795,
      0.7879194617271423,
      1.522923231124878,
      0.23893599212169647,
      -0.43251264095306396,
      1.1089144945144653,
      -0.31573110818862915,
      -0.05270003527402878,
      0.0508972704410553,
      -0.21916896104812622,
      0.5813851356506348,
      -0.08455595374107361,
      -0.6610572934150696,
      0.17142324149608612,
      -0.23477910459041595,
      1.2659436464309692,
      0.2940860688686371,
      -0.8607305884361267,
      -0.7611217498779297,
      -0.5499724745750427,
      0.526300311088562,
      0.16256847977638245,
      0.17879444360733032,
      0.7317190766334534,
      -0.3162728548049927,
      -0.42915087938308716,
      -0.3244898021221161,
      -0.29591745138168335,
      0.550466775894165,
      -0.24024641513824463,
      0.2107844203710556,
      -1.4119702577590942,
      -1.077000379562378,
      0.014562300406396389
    ]
  ]
}