{
  "recon_accuracy": 0.12820513546466827,
  "op_accuracy": 0.054999999701976776,
  "param_error": 0.6273927092552185,
  "sketch_error": 0.6753469705581665
}